codigo_parlamentar,nome_parlamentar,nome_completo,sexo,sigla_partido,uf,forma_tratamento,url_foto,url_pagina,email
5573,Abel Rebouças,Abel Rebouças São José,Masculino,PDT,,Senador,,,
4981,Acir Gurgacz,Acir Marcos Gurgacz,Masculino,PDT,,Senador,http://www.senado.leg.br/senadores/img/fotos-oficiais/senador4981.jpg,http://www25.senado.leg.br/web/senadores/senador/-/perfil/4981,sen.acirgurgacz@senado.leg.br
5918,Adilson Gomes,Adilson Gomes Silva,Masculino,,,Senador,,,
5625,Adilson Silva dos Santos,Adilson Silva dos Santos,Masculino,PEN,,Senador,,,
6382,Adrian da Blukit,Adrian Rogers Censi,Masculino,,,Senador,,,
6346,Adélia Maria,Adélia Maria Correia Santos Konishi,Feminino,PV,,Senadora,,,
6026,Afonso Parente,Afonso Valter Parente Pinto,Masculino,,,Senador,,,
5672,Alan Rick,Alan Rick Miranda,Masculino,UNIÃO,AC,Senador,http://www.senado.leg.br/senadores/img/fotos-oficiais/senador5672.jpg,http://www25.senado.leg.br/web/senadores/senador/-/perfil/5672,sen.alanrick@senado.leg.br
5923,Alberto David,Alberto da Silva David,Masculino,,,Senador,,,
5982,Alessandro Vieira,Alessandro Vieira,Masculino,MDB,SE,Senador,http://www.senado.leg.br/senadores/img/fotos-oficiais/senador5982.jpg,http://www25.senado.leg.br/web/senadores/senador/-/perfil/5982,sen.alessandrovieira@senado.leg.br
6360,Alex Diniz,Alex Sandro Coelho Diniz,Masculino,,,Senador,,,
4610,Alexandre Silveira,Alexandre Silveira de Oliveira,Masculino,PSD,,Senador,http://www.senado.leg.br/senadores/img/fotos-oficiais/senador4610.jpg,http://www25.senado.leg.br/web/senadores/senador/-/perfil/4610,sen.alexandresilveira@senado.leg.br
3651,Alfredo Cotait Neto,Alfredo Cotait Neto,Masculino,DEM,,Senador,http://www.senado.leg.br/senadores/img/fotos-oficiais/senador3651.jpg,http://www25.senado.leg.br/web/senadores/senador/-/perfil/3651,alfredo.cotait@senador.leg.br
6379,Aline Rezende,Aline Maria de Menezes Rezende Chagas,Feminino,,,Senadora,,,
5962,Alisson Taveira,Alisson Taveira Rocha Leal,Masculino,,,Senador,,,
945,Alvaro Dias,Alvaro Fernandes Dias,Masculino,PODEMOS,,Senador,http://www.senado.leg.br/senadores/img/fotos-oficiais/senador945.jpg,http://www25.senado.leg.br/web/senadores/senador/-/perfil/945,sen.alvarodias@senado.leg.br
5607,Alzenir Porto,Maria Alzenir Porto da Costa,Feminino,PTB,,Senadora,,,
5989,Ana Maria,Ana Maria de Resende Vieira,Feminino,,,Senadora,,,
6358,Ana Paula Lobato,Ana Paula Dias Lobato Nova Alves,Feminino,PDT,MA,Senadora,http://www.senado.leg.br/senadores/img/fotos-oficiais/senador6358.jpg,http://www25.senado.leg.br/web/senadores/senador/-/perfil/6358,sen.anapaulalobato@senado.leg.br
5950,Ana Paula Tongo,Ana Paula Tongo da Silva,Feminino,,,Senadora,,,
5969,Andre Filipe,Andre Felipe de Oliveira da Silva,Masculino,,,Senador,,,
6373,Andrea Fontes,Andrea Gomes Fontes Rodrigues,Feminino,,,Senadora,,,
6366,André Amaral,Andre Augusto Castro do Amaral,Masculino,UNIÃO,,Senador,http://www.senado.leg.br/senadores/img/fotos-oficiais/senador6366.jpg,http://www25.senado.leg.br/web/senadores/senador/-/perfil/6366,sen.andreamaral@senado.leg.br
5967,Angelo Coronel,Angelo Mario Coronel de Azevedo Martins,Masculino,PSD,BA,Senador,http://www.senado.leg.br/senadores/img/fotos-oficiais/senador5967.jpg,http://www25.senado.leg.br/web/senadores/senador/-/perfil/5967,sen.angelocoronel@senado.leg.br
5529,Antonio Anastasia,Antonio Augusto Junho Anastasia,Masculino,PSD,,Senador,http://www.senado.leg.br/senadores/img/fotos-oficiais/senador5529.jpg,http://www25.senado.leg.br/web/senadores/senador/-/perfil/5529,sen.antonioanastasia@senado.leg.br
6001,Arlindo Silva,Arlindo Penha da Silva,Masculino,,,Senador,,,
751,Arolde de Oliveira,Arolde de Oliveira,Masculino,PSD,,Senador,http://www.senado.leg.br/senadores/img/fotos-oficiais/senador751.jpg,http://www25.senado.leg.br/web/senadores/senador/-/perfil/751,sen.aroldedeoliveira@senado.leg.br
6009,Astronauta Marcos Pontes,Marcos Cesar Pontes,Masculino,PL,SP,Senador,http://www.senado.leg.br/senadores/img/fotos-oficiais/senador6009.jpg,http://www25.senado.leg.br/web/senadores/senador/-/perfil/6009,sen.astronautamarcospontes@senado.leg.br
5633,Atilio Francisco,Atilio Francisco da Silva,Masculino,REPUBLICANOS,,Senador,,,
6350,Augusta Brito,Augusta Brito de Paula,Feminino,PT,CE,Senadora,http://www.senado.leg.br/senadores/img/fotos-oficiais/senador6350.jpg,http://www25.senado.leg.br/web/senadores/senador/-/perfil/6350,sen.augustabrito@senado.leg.br
5631,Ayres Marchetti,Genésio Ayres Marchetti,Masculino,PSD,,Senador,,,
5554,Bebeto,Adalberto Souza Galvão,Masculino,PSB,,Senador,,,
4979,Bene Camacho,Bene André Camacho Araújo,Masculino,PSD,,Senador,http://www.senado.leg.br/senadores/img/fotos-oficiais/senador4979.jpg,http://www25.senado.leg.br/web/senadores/senador/-/perfil/4979,sen.benecamacho@senado.leg.br
5896,Benjamin Beze Junior,Benjamin Beze Junior,Masculino,,,Senador,,,
5952,Bento,Bento Adeodato Porto,Masculino,,,Senador,,,
4639,Beto Faro,José Roberto Oliveira Faro,Masculino,PT,PA,Senador,http://www.senado.leg.br/senadores/img/fotos-oficiais/senador4639.jpg,http://www25.senado.leg.br/web/senadores/senador/-/perfil/4639,sen.betofaro@senado.leg.br
6011,Beto Martins,Jose Roberto Martins,Masculino,PL,SC,Senador,http://www.senado.leg.br/senadores/img/fotos-oficiais/senador6011.jpg,http://www25.senado.leg.br/web/senadores/senador/-/perfil/6011,sen.betomartins@senado.leg.br
5932,Beto Possamai,Gilberto Eglair Possamai,Masculino,,,Senador,,,
5559,Bispo José,José Afonso Teixeira,Masculino,PL,,Senador,http://www.senado.leg.br/senadores/img/fotos-oficiais/senador5559.jpg,http://www25.senado.leg.br/web/senadores/senador/-/perfil/5559,
6347,Breno,Breno Barbosa Chaves Pinto,Masculino,UNIÃO,,Senador,,,
6372,Bruno Bonetti,Bruno Bierrenbach Bonetti,Masculino,,,Senador,,,
6336,Camilo Santana,Camilo Sobreira de Santana,Masculino,PT,,Senador,http://www.senado.leg.br/senadores/img/fotos-oficiais/senador6336.jpg,http://www25.senado.leg.br/web/senadores/senador/-/perfil/6336,sen.camilosantana@senado.leg.br
6013,Carlos Alberto,Carlos Alberto de Castro Almeida,Masculino,,,Senador,,,
5603,Carlos Augusto Costa,Carlos Augusto Lopes da Costa,Masculino,PV,,Senador,,,
6295,Carlos Fávaro,Carlos Henrique Baqueta Fávaro,Masculino,PSD,,Senador,http://www.senado.leg.br/senadores/img/fotos-oficiais/senador6295.jpg,http://www25.senado.leg.br/web/senadores/senador/-/perfil/6295,sen.carlosfavaro@senado.leg.br
6020,Carlos Milton Morais,Carlos Milton Morais,Masculino,,,Senador,,,
5936,Carlos Portinho,Carlos Francisco Portinho,Masculino,PL,RJ,Senador,http://www.senado.leg.br/senadores/img/fotos-oficiais/senador5936.jpg,http://www25.senado.leg.br/web/senadores/senador/-/perfil/5936,sen.carlosportinho@senado.leg.br
5990,Carlos Viana,Carlos Alberto Dias Viana,Masculino,PODEMOS,,Senador,http://www.senado.leg.br/senadores/img/fotos-oficiais/senador5990.jpg,http://www25.senado.leg.br/web/senadores/senador/-/perfil/5990,sen.carlosviana@senado.leg.br
5991,Castellar Neto,Castellar Modesto Guimarães Neto,Masculino,PP,MG,Senador,http://www.senado.leg.br/senadores/img/fotos-oficiais/senador5991.jpg,http://www25.senado.leg.br/web/senadores/senador/-/perfil/5991,sen.castellarneto@senado.leg.br
5593,Celso Dal Lago Rodrigues,Celso Dal Lago Rodrigues,Masculino,MDB,,Senador,,,
6000,Chamon,João Chamon Neto,Masculino,,,Senador,,,
6334,Cheila Moreira,Cheila Vieira Moreira,Feminino,PT,,Senadora,,,
470,Chico Rodrigues,Francisco de Assis Rodrigues,Masculino,PSB,RR,Senador,http://www.senado.leg.br/senadores/img/fotos-oficiais/senador470.jpg,http://www25.senado.leg.br/web/senadores/senador/-/perfil/470,sen.chicorodrigues@senado.leg.br
611,Chiquinho Feitosa,Francisco Feitosa de Albuquerque Lima,Masculino,DEM,,Senador,http://www.senado.leg.br/senadores/img/fotos-oficiais/senador611.jpg,http://www25.senado.leg.br/web/senadores/senador/-/perfil/611,sen.chiquinhofeitosa@senado.leg.br
5623,Christopher Goulart,Christopher Belchior Goulart,Masculino,PDT,,Senador,,,
5973,Cid Gomes,Cid Ferreira Gomes,Masculino,PSB,CE,Senador,http://www.senado.leg.br/senadores/img/fotos-oficiais/senador5973.jpg,http://www25.senado.leg.br/web/senadores/senador/-/perfil/5973,sen.cidgomes@senado.leg.br
739,Ciro Nogueira,Ciro Nogueira Lima Filho,Masculino,PP,PI,Senador,http://www.senado.leg.br/senadores/img/fotos-oficiais/senador739.jpg,http://www25.senado.leg.br/web/senadores/senador/-/perfil/739,sen.cironogueira@senado.leg.br
6337,Cleitinho,Cleiton Gontijo de Azevedo,Masculino,REPUBLICANOS,MG,Senador,http://www.senado.leg.br/senadores/img/fotos-oficiais/senador6337.jpg,http://www25.senado.leg.br/web/senadores/senador/-/perfil/6337,sen.cleitinho@senado.leg.br
6017,Cleonice Back,Cleonice Fabiane Back,Feminino,,,Senadora,,,
5933,Clerie Fabiana,Clérie Fabiana Mendes,Masculino,,,Senador,,,
475,Confúcio Moura,Confúcio Aires Moura,Masculino,MDB,RO,Senador,http://www.senado.leg.br/senadores/img/fotos-oficiais/senador475.jpg,http://www25.senado.leg.br/web/senadores/senador/-/perfil/475,sen.confuciomoura@senado.leg.br
6380,Coronel Andreuzza,Mario Giussepp Santezzi Bertottelli Andreuzza,Masculino,,,Senador,,,
6344,Coronel Casagrande,Michel Negreiros Casagrande,Masculino,UNIÃO,,Senador,,,
5963,Coronel Margarida,Margarida Brandão Fernandes de Araújo,Masculino,,,Senador,,,
5960,Cândida Farias,Cândida dos Santos Farias,Masculino,,,Senador,,,
6335,Damares Alves,Damares Regina Alves,Feminino,REPUBLICANOS,DF,Senadora,http://www.senado.leg.br/senadores/img/fotos-oficiais/senador6335.jpg,http://www25.senado.leg.br/web/senadores/senador/-/perfil/6335,sen.damaresalves@senado.leg.br
5998,Daniella Ribeiro,Daniella Velloso Borges Ribeiro,Feminino,PSD,PB,Senadora,http://www.senado.leg.br/senadores/img/fotos-oficiais/senador5998.jpg,http://www25.senado.leg.br/web/senadores/senador/-/perfil/5998,sen.daniellaribeiro@senado.leg.br
5992,Danilo Martins de Oliveira,Danilo Martins de Oliveira,Masculino,,,Senador,,,
5987,Danny Fabricio,Danny Fabricio Cabral Gomes,Masculino,,,Senador,,,
3830,Davi Alcolumbre,David Samuel Alcolumbre Tobelem,Masculino,UNIÃO,AP,Senador,http://www.senado.leg.br/senadores/img/fotos-oficiais/senador3830.jpg,http://www25.senado.leg.br/web/senadores/senador/-/perfil/3830,sen.davialcolumbre@senado.leg.br
5837,Davidson Magalhães,Davidson de Magalhães Santos,Masculino,PCdoB,,Senador,,,
6012,Denise dos Santos,Denise Antunes dos Santos,Feminino,,,Senadora,,,
6377,Dheep Rover,Jair Rover,Masculino,,,Senador,,,
5996,Diego Tavares,Marcio Diego Fernandes Tavares de Albuquerque,Masculino,PP,,Senador,http://www.senado.leg.br/senadores/img/fotos-oficiais/senador5996.jpg,http://www25.senado.leg.br/web/senadores/senador/-/perfil/5996,sen.diegotavares@senado.leg.br
5637,Donizeti Nogueira,Divino Donizeti Borges Nogueira,Masculino,PT,,Senador,http://www.senado.leg.br/senadores/img/fotos-oficiais/senador5637.jpg,http://www25.senado.leg.br/web/senadores/senador/-/perfil/5637,donizeti.nogueira@senador.leg.br
5975,Dr. Guimarães,Francisco José Alves Guimaraes,Masculino,,,Senador,,,
5565,Dr. Helder Cavalcante,Francisco Helder Cavalcante Sousa,Masculino,PL,,Senador,,,
5793,Dr. Hiran,Hiran Manuel Gonçalves da Silva,Masculino,PP,RR,Senador,http://www.senado.leg.br/senadores/img/fotos-oficiais/senador5793.jpg,http://www25.senado.leg.br/web/senadores/senador/-/perfil/5793,sen.drhiran@senado.leg.br
6021,Dr. Samuel Araújo,Samuel Pereira de Araujo,Masculino,PSD,,Senador,http://www.senado.leg.br/senadores/img/fotos-oficiais/senador6021.jpg,http://www25.senado.leg.br/web/senadores/senador/-/perfil/6021,sen.drsamuelaraujo@senado.leg.br
5906,Dra. Eudócia,Eudocia Maria Holanda de Araujo Caldas,Feminino,PSB,,Senadora,http://www.senado.leg.br/senadores/img/fotos-oficiais/senador5906.jpg,http://www25.senado.leg.br/web/senadores/senador/-/perfil/5906,sen.draeudocia@senado.leg.br
6016,Drica de Lucena,Adriana de Lucena Francisco,Feminino,,,Senadora,,,
5537,Dário Berger,Dário Elias Berger,Masculino,PSB,,Senador,http://www.senado.leg.br/senadores/img/fotos-oficiais/senador5537.jpg,http://www25.senado.leg.br/web/senadores/senador/-/perfil/5537,sen.darioberger@senado.leg.br
4994,Eduardo Braga,Carlos Eduardo de Souza Braga,Masculino,MDB,AM,Senador,http://www.senado.leg.br/senadores/img/fotos-oficiais/senador4994.jpg,http://www25.senado.leg.br/web/senadores/senador/-/perfil/4994,sen.eduardobraga@senado.leg.br
5976,Eduardo Girão,Luis Eduardo Grangeiro Girão,Masculino,NOVO,CE,Senador,http://www.senado.leg.br/senadores/img/fotos-oficiais/senador5976.jpg,http://www25.senado.leg.br/web/senadores/senador/-/perfil/5976,sen.eduardogirao@senado.leg.br
3777,Eduardo Gomes,Carlos Eduardo Torres Gomes,Masculino,PL,TO,Senador,http://www.senado.leg.br/senadores/img/fotos-oficiais/senador3777.jpg,http://www25.senado.leg.br/web/senadores/senador/-/perfil/3777,sen.eduardogomes@senado.leg.br
5902,Eduardo Velloso,Eduardo Ovídio Borges de Velloso Vianna,Masculino,UNIÃO,AC,Senador,http://www.senado.leg.br/senadores/img/fotos-oficiais/senador5902.jpg,http://www25.senado.leg.br/web/senadores/senador/-/perfil/5902,dep.eduardovelloso@camara.leg.br
4642,Efraim Filho,Efraim de Araújo Morais Filho,Masculino,UNIÃO,PB,Senador,http://www.senado.leg.br/senadores/img/fotos-oficiais/senador4642.jpg,http://www25.senado.leg.br/web/senadores/senador/-/perfil/4642,sen.efraimfilho@senado.leg.br
5587,Eladio Carneiro,Eladio Barbosa Carneiro,Masculino,MDB,,Senador,,,
5898,Eliane Nogueira,Eliane e Silva Nogueira Lima,Feminino,PP,,Senadora,http://www.senado.leg.br/senadores/img/fotos-oficiais/senador5898.jpg,http://www25.senado.leg.br/web/senadores/senador/-/perfil/5898,sen.elianenogueira@senado.leg.br
5605,Eliane Rodrigues,Eliane Rodrigues de Andrade Ferreira,Feminino,PSB,,Senadora,,,
5718,Eliziane Gama,Eliziane Pereira Gama Melo,Feminino,PSD,MA,Senadora,http://www.senado.leg.br/senadores/img/fotos-oficiais/senador5718.jpg,http://www25.senado.leg.br/web/senadores/senador/-/perfil/5718,sen.elizianegama@senado.leg.br
5531,Elmano Férrer,Elmano Férrer de Almeida,Masculino,PP,,Senador,http://www.senado.leg.br/senadores/img/fotos-oficiais/senador5531.jpg,http://www25.senado.leg.br/web/senadores/senador/-/perfil/5531,sen.elmanoferrer@senado.leg.br
6025,Enfermeira Roberta,Roberta Leontina Xisto Acioly,Feminino,,,Senadora,,,
6367,Erik Marinho,Erik Janson Vieira Monteiro Marinho,Masculino,,,Senador,,,
22,Esperidião Amin,Esperidião Amin Helou Filho,Masculino,PP,SC,Senador,http://www.senado.leg.br/senadores/img/fotos-oficiais/senador22.jpg,http://www25.senado.leg.br/web/senadores/senador/-/perfil/22,sen.esperidiaoamin@senado.leg.br
5953,Fabiano Contarato,Fabiano Contarato,Masculino,PT,ES,Senador,http://www.senado.leg.br/senadores/img/fotos-oficiais/senador5953.jpg,http://www25.senado.leg.br/web/senadores/senador/-/perfil/5953,sen.fabianocontarato@senado.leg.br
5740,Fabio Garcia,Fabio Paulino Garcia,Masculino,UNIÃO,,Senador,http://www.senado.leg.br/senadores/img/fotos-oficiais/senador5740.jpg,http://www25.senado.leg.br/web/senadores/senador/-/perfil/5740,sen.fabiogarcia@senado.leg.br
5581,Fadi Faraj,Fadi Fayez Faraj,Masculino,SOLIDARIEDADE,,Senador,,,
5540,Fernando Bezerra Coelho,Fernando Bezerra de Souza Coelho,Masculino,MDB,,Senador,http://www.senado.leg.br/senadores/img/fotos-oficiais/senador5540.jpg,http://www25.senado.leg.br/web/senadores/senador/-/perfil/5540,sen.fernandobezerracoelho@senado.leg.br
5980,Fernando Carvalho,Fernando Luiz Prado Carvalho Junior,Masculino,,,Senador,,,
6384,Fernando Carvalho,Antonio Fernando Pereira de Carvalho,Masculino,,,Senador,,,
4525,Fernando Collor,Fernando Affonso Collor de Mello,Masculino,PTB,,Senador,http://www.senado.leg.br/senadores/img/fotos-oficiais/senador4525.jpg,http://www25.senado.leg.br/web/senadores/senador/-/perfil/4525,sen.fernandocollor@senado.leg.br
5917,Fernando Dueire,Fernando Antonio Caminha Dueire,Masculino,MDB,PE,Senador,http://www.senado.leg.br/senadores/img/fotos-oficiais/senador5917.jpg,http://www25.senado.leg.br/web/senadores/senador/-/perfil/5917,sen.fernandodueire@senado.leg.br
6345,Fernando Farias,Fernando Lopes de Farias,Masculino,MDB,AL,Senador,http://www.senado.leg.br/senadores/img/fotos-oficiais/senador6345.jpg,http://www25.senado.leg.br/web/senadores/senador/-/perfil/6345,sen.fernandofarias@senado.leg.br
5577,Fernando Façanha,Fernando Antonio Mendes Façanha Filho,Masculino,PSDB,,Senador,,,
6374,Flavio Azevedo,Flávio José Cavalcanti de Azevedo,Masculino,PL,,Senador,http://www.senado.leg.br/senadores/img/fotos-oficiais/senador6374.jpg,http://www25.senado.leg.br/web/senadores/senador/-/perfil/6374,sen.flavioazevedo@senado.leg.br
5920,Flavio Vicente,Flavio Marcelo Gonçalves Vicente,Masculino,,,Senador,,,
345,Flávio Arns,Flávio José Arns,Masculino,PSB,PR,Senador,http://www.senado.leg.br/senadores/img/fotos-oficiais/senador345.jpg,http://www25.senado.leg.br/web/senadores/senador/-/perfil/345,sen.flavioarns@senado.leg.br
5894,Flávio Bolsonaro,Flávio Nantes Bolsonaro,Masculino,PL,RJ,Senador,http://www.senado.leg.br/senadores/img/fotos-oficiais/senador5894.jpg,http://www25.senado.leg.br/web/senadores/senador/-/perfil/5894,sen.flaviobolsonaro@senado.leg.br
4605,Flávio Dino,Flávio Dino de Castro e Costa,Masculino,PSB,,Senador,http://www.senado.leg.br/senadores/img/fotos-oficiais/senador4605.jpg,http://www25.senado.leg.br/web/senadores/senador/-/perfil/4605,sen.flaviodino@senado.leg.br
6368,Francisco Alexandre,Francisco Ferreira Alexandre,Masculino,,,Senador,,,
3713,Fátima Bezerra,Maria de Fátima Bezerra,Feminino,PT,,Senadora,http://www.senado.leg.br/senadores/img/fotos-oficiais/senador3713.jpg,http://www25.senado.leg.br/web/senadores/senador/-/perfil/3713,fatima.bezerra@senadora.leg.br
6343,Gemil Junior,Gemil Salim de Abreu Junior,Masculino,UNIÃO,,Senador,,,
196,Geraldo Althoff,Geraldo César Althoff,Masculino,,,Senador,http://www.senado.leg.br/senadores/img/fotos-oficiais/senador196.jpg,http://www25.senado.leg.br/web/senadores/senador/-/perfil/196,althoff@senado.leg.br
5900,Gil Paraibano,Gil Marques de Medeiros,Masculino,,,Senador,,,
5615,Gilberto Piselo,Gilberto Piselo do Nascimento,Masculino,PDT,,Senador,http://www.senado.leg.br/senadores/img/fotos-oficiais/senador5615.jpg,http://www25.senado.leg.br/web/senadores/senador/-/perfil/5615,
6008,Giordano,Alexandre Luiz Giordano,Masculino,MDB,SP,Senador,http://www.senado.leg.br/senadores/img/fotos-oficiais/senador6008.jpg,http://www25.senado.leg.br/web/senadores/senador/-/perfil/6008,sen.giordano@senado.leg.br
4558,Gladson Cameli,Gladson de Lima Cameli,Masculino,PP,,Senador,http://www.senado.leg.br/senadores/img/fotos-oficiais/senador4558.jpg,http://www25.senado.leg.br/web/senadores/senador/-/perfil/4558,gladson.cameli@senador.leg.br
5639,Guaracy Silveira,Guaracy Batista da Silveira,Masculino,PP,,Senador,http://www.senado.leg.br/senadores/img/fotos-oficiais/senador5639.jpg,http://www25.senado.leg.br/web/senadores/senador/-/perfil/5639,sen.guaracysilveira@senado.leg.br
6341,Hamilton Mourão,Antonio Hamilton Martins Mourão,Masculino,REPUBLICANOS,RS,Senador,http://www.senado.leg.br/senadores/img/fotos-oficiais/senador6341.jpg,http://www25.senado.leg.br/web/senadores/senador/-/perfil/6341,sen.hamiltonmourao@senado.leg.br
5999,Helenilson Pontes,Helenilson Cunha Pontes,Masculino,,,Senador,,,
5907,Henrique Arruda,Henrique Arruda Guimarães,Masculino,,,Senador,,,
6381,Hermes Klann,Hermes Artur Klann,Masculino,,,Senador,,,
6349,Hildinha Menezes,Hilda Maria Monteiro de Menezes Oliveira,Feminino,PSD,,Senadora,,,
5008,Humberto Costa,Humberto Sérgio Costa Lima,Masculino,PT,PE,Senador,http://www.senado.leg.br/senadores/img/fotos-oficiais/senador5008.jpg,http://www25.senado.leg.br/web/senadores/senador/-/perfil/5008,sen.humbertocosta@senado.leg.br
6357,Hélio Araújo,Hélio Araújo Pereira,Masculino,PL,,Senador,,,
6375,Igor Targino,Igor Augusto Fernandes Targino,Masculino,,,Senador,,,
5385,Irajá,Irajá Silvestre Filho,Masculino,PSD,TO,Senador,http://www.senado.leg.br/senadores/img/fotos-oficiais/senador5385.jpg,http://www25.senado.leg.br/web/senadores/senador/-/perfil/5385,sen.iraja@senado.leg.br
6015,Ireneu Orth,Ireneu Orth,Masculino,PP,,Senador,http://www.senado.leg.br/senadores/img/fotos-oficiais/senador6015.jpg,http://www25.senado.leg.br/web/senadores/senador/-/perfil/6015,sen.ireneuorth@senado.leg.br
6007,Ivani Boscolo,Ivani Perrone Boscolo,Feminino,,,Senadora,,,
6010,Ivete da Silveira,Ivete Marli Appel da Silveira,Feminino,MDB,,Senadora,http://www.senado.leg.br/senadores/img/fotos-oficiais/senador6010.jpg,http://www25.senado.leg.br/web/senadores/senador/-/perfil/6010,sen.ivetedasilveira@senado.leg.br
5978,Ivonete Nascimento,Maria Ivonete Gomes do Nascimento,Feminino,,,Senadora,,,
4770,Izalci Lucas,Izalci Lucas Ferreira,Masculino,PL,DF,Senador,http://www.senado.leg.br/senadores/img/fotos-oficiais/senador4770.jpg,http://www25.senado.leg.br/web/senadores/senador/-/perfil/4770,sen.izalcilucas@senado.leg.br
6356,Izaura Cardoso,Izaura Cristina Cantanhede Peres Cardoso,Feminino,PL,,Senadora,,,
5931,Jacira Souza,Jacira Maria Alves de Souza,Feminino,,,Senadora,,,
35,Jader Barbalho,Jader Fontenelle Barbalho,Masculino,MDB,PA,Senador,http://www.senado.leg.br/senadores/img/fotos-oficiais/senador35.jpg,http://www25.senado.leg.br/web/senadores/senador/-/perfil/35,sen.jaderbarbalho@senado.leg.br
5912,Jader Melo,Jader Paiva de Melo,Masculino,,,Senador,,,
6340,Jaime Bagattoli,Jaime Maximino Bagattoli,Masculino,PL,RO,Senador,http://www.senado.leg.br/senadores/img/fotos-oficiais/senador6340.jpg,http://www25.senado.leg.br/web/senadores/senador/-/perfil/6340,sen.jaimebagattoli@senado.leg.br
6351,Janaína Farias,Janaina Carla Farias,Feminino,PT,,Senadora,http://www.senado.leg.br/senadores/img/fotos-oficiais/senador6351.jpg,http://www25.senado.leg.br/web/senadores/senador/-/perfil/6351,sen.janainafarias@senado.leg.br
6383,Janier,Janier Mota Santos Primo,Feminino,,,Senadora,,,
581,Jaques Wagner,Jaques Wagner,Masculino,PT,BA,Senador,http://www.senado.leg.br/senadores/img/fotos-oficiais/senador581.jpg,http://www25.senado.leg.br/web/senadores/senador/-/perfil/581,sen.jaqueswagner@senado.leg.br
4545,Jarbas Vasconcelos,Jarbas de Andrade Vasconcelos,Masculino,MDB,,Senador,http://www.senado.leg.br/senadores/img/fotos-oficiais/senador4545.jpg,http://www25.senado.leg.br/web/senadores/senador/-/perfil/4545,sen.jarbasvasconcelos@senado.leg.br
4531,Jayme Campos,Jayme Veríssimo de Campos,Masculino,UNIÃO,MT,Senador,http://www.senado.leg.br/senadores/img/fotos-oficiais/senador4531.jpg,http://www25.senado.leg.br/web/senadores/senador/-/perfil/4531,sen.jaymecampos@senado.leg.br
5627,Jean-Paul Prates,Jean Paul Terra Prates,Masculino,PT,,Senador,http://www.senado.leg.br/senadores/img/fotos-oficiais/senador5627.jpg,http://www25.senado.leg.br/web/senadores/senador/-/perfil/5627,sen.jeanpaulprates@senado.leg.br
5609,Joel Malucelli,Joel Malucelli,Masculino,PSD,,Senador,,,
5895,Jorge Kajuru,Jorge Kajuru Reis da Costa Nasser,Masculino,PSB,GO,Senador,http://www.senado.leg.br/senadores/img/fotos-oficiais/senador5895.jpg,http://www25.senado.leg.br/web/senadores/senador/-/perfil/5895,sen.jorgekajuru@senado.leg.br
5993,Jorge Mitidieri,Jorge Mitidieri,Masculino,,,Senador,,,
6342,Jorge Seif,Jorge Seif Júnior,Masculino,PL,SC,Senador,http://www.senado.leg.br/senadores/img/fotos-oficiais/senador6342.jpg,http://www25.senado.leg.br/web/senadores/senador/-/perfil/6342,sen.jorgeseif@senado.leg.br
4885,Jorge Yanai,Jorge Yoshiaki Yanai,Masculino,DEM,,Senador,http://www.senado.leg.br/senadores/img/fotos-oficiais/senador4885.jpg,http://www25.senado.leg.br/web/senadores/senador/-/perfil/4885,yanai@senador.leg.br
5350,Jorginho Mello,Jorginho dos Santos Mello,Masculino,PL,,Senador,http://www.senado.leg.br/senadores/img/fotos-oficiais/senador5350.jpg,http://www25.senado.leg.br/web/senadores/senador/-/perfil/5350,sen.jorginhomello@senado.leg.br
6364,Josenir,Josenir Gonçalves Nascimento,Masculino,,,Senador,,,
5569,Josiel,Jose Samuel Alcolumbre Tobelem,Masculino,UNIÃO,,Senador,,,
5849,José Amauri,Jose Amauri P. de Araújo,Masculino,PODEMOS,,Senador,http://www.senado.leg.br/senadores/img/fotos-oficiais/senador5849.jpg,http://www25.senado.leg.br/web/senadores/senador/-/perfil/5849,sen.joseamauri@senado.leg.br
878,José Aníbal,José Aníbal Peres de Pontes,Masculino,PSDB,,Senador,http://www.senado.leg.br/senadores/img/fotos-oficiais/senador878.jpg,http://www25.senado.leg.br/web/senadores/senador/-/perfil/878,sen.joseanibal@senado.leg.br
5579,José Carlos Vasconcellos,José Carlos de Moraes Vasconcellos Filho,Masculino,PDT,,Senador,,,
5983,José Chagas,José Chagas dos Santos,Masculino,,,Senador,,,
6305,José Esteves de Lacerda Filho,José Esteves de Lacerda Filho,Masculino,,,Senador,,,
5910,José Hamilton,José Hamilton Furtado Castelo Branco,Masculino,,,Senador,,,
3361,José Maranhão,José Targino Maranhão,Masculino,MDB,,Senador,http://www.senado.leg.br/senadores/img/fotos-oficiais/senador3361.jpg,http://www25.senado.leg.br/web/senadores/senador/-/perfil/3361,sen.josemaranhao@senado.leg.br
90,José Serra,José Serra,Masculino,PSDB,,Senador,http://www.senado.leg.br/senadores/img/fotos-oficiais/senador90.jpg,http://www25.senado.leg.br/web/senadores/senador/-/perfil/90,sen.joseserra@senado.leg.br
5613,João Batista Lemos,João Batista da Rocha Lemos,Masculino,PCB,,Senador,,,
4774,João Pedro,João Pedro Gonçalves da Costa,Masculino,PT,,Senador,http://www.senado.leg.br/senadores/img/fotos-oficiais/senador4774.jpg,http://www25.senado.leg.br/web/senadores/senador/-/perfil/4774,joaopedro@senador.leg.br
6378,Jr Rodrigues,José Raimundo Rodrigues Silva,Masculino,,,Senador,,,
5972,Julio Ventura,Julio Ventura Neto,Masculino,PDT,,Senador,http://www.senado.leg.br/senadores/img/fotos-oficiais/senador5972.jpg,http://www25.senado.leg.br/web/senadores/senador/-/perfil/5972,
6369,Jussara Lima,Antônia Jussara Gomes Alves Sousa Lima,Feminino,PSD,PI,Senadora,http://www.senado.leg.br/senadores/img/fotos-oficiais/senador6369.jpg,http://www25.senado.leg.br/web/senadores/senador/-/perfil/6369,sen.jussaralima@senado.leg.br
5929,Juíza Selma,Selma Rosane Santos Arruda,Feminino,PODEMOS,,Senadora,http://www.senado.leg.br/senadores/img/fotos-oficiais/senador5929.jpg,http://www25.senado.leg.br/web/senadores/senador/-/perfil/5929,sen.selmaarruda@senado.leg.br
5965,Júnior Souto,Manoel Junior Souto de Souza,Masculino,,,Senador,,,
1249,Kátia Abreu,Kátia Regina de Abreu,Feminino,PP,,Senadora,http://www.senado.leg.br/senadores/img/fotos-oficiais/senador1249.jpg,http://www25.senado.leg.br/web/senadores/senador/-/perfil/1249,sen.katiaabreu@senado.leg.br
415,Lael Varella,Lael Vieira Varella,Masculino,PSD,,Senador,http://www.senado.leg.br/senadores/img/fotos-oficiais/senador415.jpg,http://www25.senado.leg.br/web/senadores/senador/-/perfil/415,
5533,Lasier Martins,Lasier Costa Martins,Masculino,PODEMOS,,Senador,http://www.senado.leg.br/senadores/img/fotos-oficiais/senador5533.jpg,http://www25.senado.leg.br/web/senadores/senador/-/perfil/5533,sen.lasiermartins@senado.leg.br
4811,Laércio Oliveira,Laércio José de Oliveira,Masculino,PP,SE,Senador,http://www.senado.leg.br/senadores/img/fotos-oficiais/senador4811.jpg,http://www25.senado.leg.br/web/senadores/senador/-/perfil/4811,sen.laerciooliveira@senado.leg.br
5977,Leany Lemos,Leany Barreiro de Sousa Lemos,Feminino,,,Senadora,,,
5979,Leila Barros,Leila Gomes de Barros Rêgo,Feminino,PDT,DF,Senadora,http://www.senado.leg.br/senadores/img/fotos-oficiais/senador5979.jpg,http://www25.senado.leg.br/web/senadores/senador/-/perfil/5979,sen.leilabarros@senado.leg.br
6365,Leny Campêlo,Leny May da Silva Campêlo,Feminino,,,Senadora,,,
5903,Leonardo Rodrigues,Leonardo Rodrigues,Masculino,,,Senador,,,
6112,Liziane Bayer,Liziane Bayer da Costa,Feminino,REPUBLICANOS,,Senadora,,,
6359,Lourdinha,Maria de Lourdes Pereira e Pereira,Feminino,,,Senadora,,,
5926,Lucas Barreto,Luiz Cantuária Barreto,Masculino,PSD,AP,Senador,http://www.senado.leg.br/senadores/img/fotos-oficiais/senador5926.jpg,http://www25.senado.leg.br/web/senadores/senador/-/perfil/5926,sen.lucasbarreto@senado.leg.br
6014,Luciana Leão Muniz,Luciana Leão Muniz,Feminino,,,Senadora,,,
1186,Luis Carlos Heinze,Luis Carlos Heinze,Masculino,PP,RS,Senador,http://www.senado.leg.br/senadores/img/fotos-oficiais/senador1186.jpg,http://www25.senado.leg.br/web/senadores/senador/-/perfil/1186,sen.luiscarlosheinze@senado.leg.br
5968,Luis Felipe Belmonte,Luis Felipe Belmonte dos Santos,Masculino,,,Senador,,,
6370,Luis Felipe Cunha,Luis Felipe Cunha,Masculino,,,Senador,,,
5567,Luis Mitoso,Luis Augusto Mitoso Junior,Masculino,PSD,,Senador,,,
5585,Luiz Carlos do Carmo,Luiz Carlos do Carmo,Masculino,PSC,,Senador,http://www.senado.leg.br/senadores/img/fotos-oficiais/senador5585.jpg,http://www25.senado.leg.br/web/senadores/senador/-/perfil/5585,sen.luizcarlosdocarmo@senado.leg.br
151,Luiz Pastore,Luiz Osvaldo Pastore,Masculino,MDB,,Senador,http://www.senado.leg.br/senadores/img/fotos-oficiais/senador151.jpg,http://www25.senado.leg.br/web/senadores/senador/-/perfil/151,sen.luizpastore@senado.leg.br
5904,Macapá,José Eugênio de Leão Braga,Masculino,,,Senador,,,
631,Magno Malta,Magno Pereira Malta,Masculino,PL,ES,Senador,http://www.senado.leg.br/senadores/img/fotos-oficiais/senador631.jpg,http://www25.senado.leg.br/web/senadores/senador/-/perfil/631,sen.magnomalta@senado.leg.br
5557,Mailza Gomes,Mailza Assis da Silva,Feminino,PP,,Senadora,http://www.senado.leg.br/senadores/img/fotos-oficiais/senador5557.jpg,http://www25.senado.leg.br/web/senadores/senador/-/perfil/5557,sen.mailzagomes@senado.leg.br
5981,Major Ildomario,Ildomario Santos Gomes,Masculino,,,Senador,,,
5666,Major Olimpio,Sergio Olimpio Gomes,Masculino,,,Senador,http://www.senado.leg.br/senadores/img/fotos-oficiais/senador5666.jpg,http://www25.senado.leg.br/web/senadores/senador/-/perfil/5666,sen.majorolimpio@senado.leg.br
6352,Manoel Arruda,Manoel Coelho Arruda Junior,Masculino,UNIÃO,,Senador,,,
5591,Manoel Motta,Manoel Francisco de Vasconcelos Motta,Masculino,PCB,,Senador,,,
5376,Mara Gabrilli,Mara Cristina Gabrilli,Feminino,PSD,SP,Senadora,http://www.senado.leg.br/senadores/img/fotos-oficiais/senador5376.jpg,http://www25.senado.leg.br/web/senadores/senador/-/perfil/5376,sen.maragabrilli@senado.leg.br
742,Marcelo Castro,Marcelo Costa e Castro,Masculino,MDB,PI,Senador,http://www.senado.leg.br/senadores/img/fotos-oficiais/senador742.jpg,http://www25.senado.leg.br/web/senadores/senador/-/perfil/742,sen.marcelocastro@senado.leg.br
5915,Marcia do Angico,Maria Márcia Rodrigues de Almeida,Feminino,,,Senadora,,,
6354,Marcinha Macedo,Marcia Cristina Macedo Silva,Feminino,PL,,Senadora,,,
285,Marcio Bittar,Marcio Miguel Bittar,Masculino,UNIÃO,AC,Senador,http://www.senado.leg.br/senadores/img/fotos-oficiais/senador285.jpg,http://www25.senado.leg.br/web/senadores/senador/-/perfil/285,sen.marciobittar@senado.leg.br
5422,Marcos Rogério,Marcos Rogério da Silva Brito,Masculino,PL,RO,Senador,http://www.senado.leg.br/senadores/img/fotos-oficiais/senador5422.jpg,http://www25.senado.leg.br/web/senadores/senador/-/perfil/5422,sen.marcosrogerio@senado.leg.br
6287,Marcos de Souza Costa,Marcos de Souza Costa,Masculino,,,Senador,,,
5942,Marcos do Val,Marcos Ribeiro do Val,Masculino,PODEMOS,ES,Senador,http://www.senado.leg.br/senadores/img/fotos-oficiais/senador5942.jpg,http://www25.senado.leg.br/web/senadores/senador/-/perfil/5942,sen.marcosdoval@senado.leg.br
6304,Margareth Buzetti,Margareth Gettert Busetti,Feminino,PSD,MT,Senadora,http://www.senado.leg.br/senadores/img/fotos-oficiais/senador6304.jpg,http://www25.senado.leg.br/web/senadores/senador/-/perfil/6304,sen.margarethbuzetti@senado.leg.br
5909,Maria Alice,Maria Alice Melo de Araújo,Feminino,,,Senadora,,,
6019,Maria Eliza,Maria Eliza de Aguiar e Silva,Feminino,MDB,,Senadora,http://www.senado.leg.br/senadores/img/fotos-oficiais/senador6019.jpg,http://www25.senado.leg.br/web/senadores/senador/-/perfil/6019,
5994,Maria da Taiçoca,Maria da Conceição dos Anjos,Feminino,,,Senadora,,,
5908,Maria das Vitórias,Maria das Vitórias Soares de Medeiros,Feminino,PSD,,Senadora,http://www.senado.leg.br/senadores/img/fotos-oficiais/senador5908.jpg,http://www25.senado.leg.br/web/senadores/senador/-/perfil/5908,sen.mariadasvitorias@senado.leg.br
1023,Maria do Carmo Alves,Maria do Carmo do Nascimento Alves,Feminino,PP,,Senadora,http://www.senado.leg.br/senadores/img/fotos-oficiais/senador1023.jpg,http://www25.senado.leg.br/web/senadores/senador/-/perfil/1023,sen.mariadocarmoalves@senado.leg.br
6002,Marinho Cunha,Marcos Antônio Marinho da Cunha,Masculino,,,Senador,,,
5575,Marizete,Marizete Lisboa Fernandes Pereira,Feminino,PT,,Senadora,,,
5571,Marquinho,Marco Jeovano Soares Ribas,Masculino,DEM,,Senador,,,
6388,Mauricio Buffon,Mauricio Buffon,Masculino,,,Senador,,,
6362,Mauro Carvalho Junior,Mauro Carvalho Junior,Masculino,UNIÃO,,Senador,http://www.senado.leg.br/senadores/img/fotos-oficiais/senador6362.jpg,http://www25.senado.leg.br/web/senadores/senador/-/perfil/6362,sen.maurocarvalhojunior@senado.leg.br
6027,Mecias de Jesus,Antônio Mecias Pereira de Jesus,Masculino,REPUBLICANOS,RR,Senador,http://www.senado.leg.br/senadores/img/fotos-oficiais/senador6027.jpg,http://www25.senado.leg.br/web/senadores/senador/-/perfil/6027,sen.meciasdejesus@senado.leg.br
5935,Miguel Biango,Miguel Capobiango Neto,Masculino,,,Senador,,,
5897,Milton Mercêz,Milton Jose das Mercêz,Masculino,,,Senador,,,
5595,Moacir Kohl,Moacir Kohl,Masculino,PSB,,Senador,,,
5997,Nailde Panta,Nailde Fernandes Panta da Silva,Feminino,PP,,Senadora,http://www.senado.leg.br/senadores/img/fotos-oficiais/senador5997.jpg,http://www25.senado.leg.br/web/senadores/senador/-/perfil/5997,
5985,Nelsinho Trad,Nelson Trad Filho,Masculino,PSD,MS,Senador,http://www.senado.leg.br/senadores/img/fotos-oficiais/senador5985.jpg,http://www25.senado.leg.br/web/senadores/senador/-/perfil/5985,sen.nelsinhotrad@senado.leg.br
63,Ney Suassuna,Ney Robinson Suassuna,Masculino,REPUBLICANOS,,Senador,http://www.senado.leg.br/senadores/img/fotos-oficiais/senador63.jpg,http://www25.senado.leg.br/web/senadores/senador/-/perfil/63,sen.neysuassuna@senado.leg.br
5281,Nilda Gondim,Ozanilda Gondim Vital do Rego,Feminino,MDB,,Senadora,http://www.senado.leg.br/senadores/img/fotos-oficiais/senador5281.jpg,http://www25.senado.leg.br/web/senadores/senador/-/perfil/5281,sen.nildagondim@senado.leg.br
6006,Ogari Pacheco,Ogari de Castro Pacheco,Masculino,UNIÃO,,Senador,http://www.senado.leg.br/senadores/img/fotos-oficiais/senador6006.jpg,http://www25.senado.leg.br/web/senadores/senador/-/perfil/6006,sen.ogaripacheco@senado.leg.br
5525,Omar Aziz,Omar José Abdel Aziz,Masculino,PSD,AM,Senador,http://www.senado.leg.br/senadores/img/fotos-oficiais/senador5525.jpg,http://www25.senado.leg.br/web/senadores/senador/-/perfil/5525,sen.omaraziz@senado.leg.br
6024,Onésimo Cruz,Onésimo de Souza Cruz Netto,Masculino,,,Senador,,,
5924,Oriovisto Guimarães,Oriovisto Guimaraes,Masculino,PODEMOS,PR,Senador,http://www.senado.leg.br/senadores/img/fotos-oficiais/senador5924.jpg,http://www25.senado.leg.br/web/senadores/senador/-/perfil/5924,sen.oriovistoguimaraes@senado.leg.br
5523,Otto Alencar,Otto Roberto Mendonça de Alencar,Masculino,PSD,BA,Senador,http://www.senado.leg.br/senadores/img/fotos-oficiais/senador5523.jpg,http://www25.senado.leg.br/web/senadores/senador/-/perfil/5523,sen.ottoalencar@senado.leg.br
6353,Pastor Egmar,Egmar Tavares da Silva,Masculino,REPUBLICANOS,,Senador,,,
5925,Pastor Gaia,Orlando Moura Gaia,Masculino,,,Senador,,,
5599,Pastor Ibanes Taveira,Ibanes Taveira da Silva,Masculino,PDT,,Senador,,,
5966,Pastor Manoel Roberto,Manoel Roberto Silva do Rego,Masculino,,,Senador,,,
6022,Pastor Severino,Severino dos Ramos Marcelino da Silva,Masculino,,,Senador,,,
5617,Pastor Valadares,Sebastião Valadares Neto,Masculino,PDT,,Senador,http://www.senado.leg.br/senadores/img/fotos-oficiais/senador5617.jpg,http://www25.senado.leg.br/web/senadores/senador/-/perfil/5617,pastor.valadares@senador.leg.br
5928,Patricia Costa,Ana Patricia de Carvalho Ribeiro Costa,Feminino,,,Senadora,,,
5927,Paulo Albuquerque,Paulo José de Brito Silva Albuquerque,Masculino,PSD,,Senador,http://www.senado.leg.br/senadores/img/fotos-oficiais/senador5927.jpg,http://www25.senado.leg.br/web/senadores/senador/-/perfil/5927,Sen.PauloAlbuquerque@senado.leg.br
336,Paulo Gouvêa,Paulo Gilberto Gouvêa da Costa,Masculino,DEM,,Senador,,,
5901,Paulo Marinho,Paulo Roberto Franco Marinho,Masculino,,,Senador,,,
5589,Paulo Matos,Paulo Henrique Campos Matos,Masculino,CIDADANIA,,Senador,,,
825,Paulo Paim,Paulo Renato Paim,Masculino,PT,RS,Senador,http://www.senado.leg.br/senadores/img/fotos-oficiais/senador825.jpg,http://www25.senado.leg.br/web/senadores/senador/-/perfil/825,sen.paulopaim@senado.leg.br
374,Paulo Rocha,Paulo Roberto Galvão da Rocha,Masculino,PT,,Senador,http://www.senado.leg.br/senadores/img/fotos-oficiais/senador374.jpg,http://www25.senado.leg.br/web/senadores/senador/-/perfil/374,sen.paulorocha@senado.leg.br
5921,Paulo Salamuni,Paulo Salamuni,Masculino,,,Senador,,,
6333,Paulo Salomão,Paulo Jorge Salomão da Câmara Nery,Masculino,PP,,Senador,,,
6023,Pedro Arthur,Pedro Arthur Ferreira Rodrigues,Masculino,,,Senador,,,
453,Pedro Chaves,Pedro Pinheiro Chaves,Masculino,MDB,,Senador,,,
674,Pedro Fernandes,Pedro Fernandes Ribeiro,Masculino,PTB,,Senador,,,
4606,Pinto Itamaraty,José Eleonildo Soares,Masculino,PSDB,,Senador,http://www.senado.leg.br/senadores/img/fotos-oficiais/senador4606.jpg,http://www25.senado.leg.br/web/senadores/senador/-/perfil/4606,pinto.itamaraty@senador.leg.br
5922,Plinio Destro,Plinio Destro,Masculino,,,Senador,,,
5502,Plínio Valério,Francisco Plínio Valério Tomaz,Masculino,PSDB,AM,Senador,http://www.senado.leg.br/senadores/img/fotos-oficiais/senador5502.jpg,http://www25.senado.leg.br/web/senadores/senador/-/perfil/5502,sen.pliniovalerio@senado.leg.br
5971,Prisco Bezerra,Prisco Rodrigues Bezerra,Masculino,PDT,,Senador,http://www.senado.leg.br/senadores/img/fotos-oficiais/senador5971.jpg,http://www25.senado.leg.br/web/senadores/senador/-/perfil/5971,sen.priscobezerra@senado.leg.br
6385,Professor Alberto,Alberto Alves da Fonseca,Masculino,,,Senador,,,
5984,Professora Bazé,Terezinha Bazé de Lima,Feminino,,,Senadora,,,
5386,Professora Dorinha Seabra,Maria Auxiliadora Seabra Rezende,Feminino,UNIÃO,TO,Senadora,http://www.senado.leg.br/senadores/img/fotos-oficiais/senador5386.jpg,http://www25.senado.leg.br/web/senadores/senador/-/perfil/5386,sen.professoradorinhaseabra@senado.leg.br
6387,Professora Lu,Lucineide Parizi Freitas,Feminino,,,Senadora,,,
5913,Rafael Tenório,Cicero Rafael Tenorio da Silva,Masculino,MDB,,Senador,http://www.senado.leg.br/senadores/img/fotos-oficiais/senador5913.jpg,http://www25.senado.leg.br/web/senadores/senador/-/perfil/5913,sen.rafaeltenorio@senado.leg.br
5012,Randolfe Rodrigues,Randolph Frederich Rodrigues Alves,Masculino,PT,AP,Senador,http://www.senado.leg.br/senadores/img/fotos-oficiais/senador5012.jpg,http://www25.senado.leg.br/web/senadores/senador/-/perfil/5012,sen.randolferodrigues@senado.leg.br
6018,Reginete Bispo,Reginete Souza Bispo,Feminino,PT,RS,Senadora,,,dep.reginetebispo@camara.leg.br
5236,Reguffe,José Antônio Machado Reguffe,Masculino,S/Partido,,Senador,http://www.senado.leg.br/senadores/img/fotos-oficiais/senador5236.jpg,http://www25.senado.leg.br/web/senadores/senador/-/perfil/5236,sen.reguffe@senado.leg.br
70,Renan Calheiros,José Renan Vasconcelos Calheiros,Masculino,MDB,AL,Senador,http://www.senado.leg.br/senadores/img/fotos-oficiais/senador70.jpg,http://www25.senado.leg.br/web/senadores/senador/-/perfil/70,sen.renancalheiros@senado.leg.br
5207,Renan Filho,José Renan Vasconcelos Calheiros Filho,Masculino,MDB,,Senador,http://www.senado.leg.br/senadores/img/fotos-oficiais/senador5207.jpg,http://www25.senado.leg.br/web/senadores/senador/-/perfil/5207,sen.renanfilho@senado.leg.br
5934,Renata Guerra,Renata Cordeiro Guerra,Feminino,,,Senadora,,,
5561,Renilde Bulhões,Renilde Silva Bulhões Barros,Feminino,PROS,,Senadora,http://www.senado.leg.br/senadores/img/fotos-oficiais/senador5561.jpg,http://www25.senado.leg.br/web/senadores/senador/-/perfil/5561,sen.renildebulhoes@senado.leg.br
5257,Renzo Braz,Renzo do Amaral Braz,Masculino,PP,,Senador,,,
5635,Ricardo Franco,Ricardo Barreto Franco,Masculino,DEM,,Senador,http://www.senado.leg.br/senadores/img/fotos-oficiais/senador5635.jpg,http://www25.senado.leg.br/web/senadores/senador/-/perfil/5635,ricardo.franco@senador.leg.br
6371,Ricardo Guerra,Ricardo Augusto Guerra,Masculino,,,Senador,,,
5892,Roberth Bringel,Raimundo Roberth Bringel Martins,Masculino,UNIÃO,,Senador,http://www.senado.leg.br/senadores/img/fotos-oficiais/senador5892.jpg,http://www25.senado.leg.br/web/senadores/senador/-/perfil/5892,sen.roberthbringel@senado.leg.br
677,Roberto Rocha,Roberto Coelho Rocha,Masculino,PTB,,Senador,http://www.senado.leg.br/senadores/img/fotos-oficiais/senador677.jpg,http://www25.senado.leg.br/web/senadores/senador/-/perfil/677,sen.robertorocha@senado.leg.br
5986,Rodolfo Nogueira,Rodolfo Oliveira Nogueira,Masculino,PL,MS,Senador,,,dep.rodolfonogueira@camara.leg.br
5905,Rodrigo Cunha,Rodrigo Santos Cunha,Masculino,PODEMOS,AL,Senador,http://www.senado.leg.br/senadores/img/fotos-oficiais/senador5905.jpg,http://www25.senado.leg.br/web/senadores/senador/-/perfil/5905,sen.rodrigocunha@senado.leg.br
5732,Rodrigo Pacheco,Rodrigo Otavio Soares Pacheco,Masculino,PSD,MG,Senador,http://www.senado.leg.br/senadores/img/fotos-oficiais/senador5732.jpg,http://www25.senado.leg.br/web/senadores/senador/-/perfil/5732,sen.rodrigopacheco@senado.leg.br
4694,Rogerio Marinho,Rogério Simonetti Marinho,Masculino,PL,RN,Senador,http://www.senado.leg.br/senadores/img/fotos-oficiais/senador4694.jpg,http://www25.senado.leg.br/web/senadores/senador/-/perfil/4694,sen.rogeriomarinho@senado.leg.br
5352,Rogério Carvalho,Rogério Carvalho Santos,Masculino,PT,SE,Senador,http://www.senado.leg.br/senadores/img/fotos-oficiais/senador5352.jpg,http://www25.senado.leg.br/web/senadores/senador/-/perfil/5352,sen.rogeriocarvalho@senado.leg.br
5322,Romário,Romario de Souza Faria,Masculino,PL,RJ,Senador,http://www.senado.leg.br/senadores/img/fotos-oficiais/senador5322.jpg,http://www25.senado.leg.br/web/senadores/senador/-/perfil/5322,sen.romario@senado.leg.br
456,Ronaldo Caiado,Ronaldo Ramos Caiado,Masculino,DEM,,Senador,http://www.senado.leg.br/senadores/img/fotos-oficiais/senador456.jpg,http://www25.senado.leg.br/web/senadores/senador/-/perfil/456,ronaldo.caiado@senador.leg.br
5945,Ronaldo Libardi,Ronaldo Libardi,Masculino,,,Senador,,,
5601,Roosevelt Vita,Roosevelt Vita,Masculino,MDB,,Senador,,,
5944,Rosana Foerst,Rosana Marcia Foerste da Silva,Feminino,,,Senadora,,,
6363,Rosana Martinelli,Rosana Tereza Martinelli,Feminino,PL,,Senadora,http://www.senado.leg.br/senadores/img/fotos-oficiais/senador6363.jpg,http://www25.senado.leg.br/web/senadores/senador/-/perfil/6363,sen.rosanamartinelli@senado.leg.br
2331,Rose de Freitas,Rosilda de Freitas,Feminino,MDB,,Senadora,http://www.senado.leg.br/senadores/img/fotos-oficiais/senador2331.jpg,http://www25.senado.leg.br/web/senadores/senador/-/perfil/2331,sen.rosedefreitas@senado.leg.br
5911,Rosário Bezerra,Maria do Rosário de Fátima Biserra Rodrigues,Feminino,,,Senadora,,,
5621,Rudson Leite,Rudson Leite da Silva,Masculino,PV,,Senador,http://www.senado.leg.br/senadores/img/fotos-oficiais/senador5621.jpg,http://www25.senado.leg.br/web/senadores/senador/-/perfil/5621,sen.rudsonleite@senado.leg.br
5038,Sandra Braga,Sandra Backsmann Braga,Feminino,MDB,,Senadora,http://www.senado.leg.br/senadores/img/fotos-oficiais/senador5038.jpg,http://www25.senado.leg.br/web/senadores/senador/-/perfil/5038,sandrabraga@senadora.leg.br
5974,Sargento Reginaldo,Reginauro Sousa Nascimento,Masculino,,,Senador,,,
5583,Schariff Moyses,Schariff Moyses,Masculino,PSDB,,Senador,,,
6331,Sergio Moro,Sergio Fernando Moro,Masculino,UNIÃO,PR,Senador,http://www.senado.leg.br/senadores/img/fotos-oficiais/senador6331.jpg,http://www25.senado.leg.br/web/senadores/senador/-/perfil/6331,sen.sergiomoro@senado.leg.br
5611,Severino Araujo,Severino Nunes de Araujo,Masculino,PSB,,Senador,,,
5563,Severino Leão,Severino Barboza Leão,Masculino,PTB,,Senador,,,
5916,Silvania Barbosa,Silvania Batinga de Oliveira Barbosa,Feminino,,,Senadora,,,
5056,Silvia Nascimento Cardoso dos Santos Cerqueira,Silvia Nascimento Cardoso dos Santos Cerqueira,Masculino,REPUBLICANOS,,Senador,,,
4768,Silvio Costa,Sílvio Serafim Costa,Masculino,AVANTE,,Senador,,,
5527,Simone Tebet,Simone Nassar Tebet,Feminino,MDB,,Senadora,http://www.senado.leg.br/senadores/img/fotos-oficiais/senador5527.jpg,http://www25.senado.leg.br/web/senadores/senador/-/perfil/5527,sen.simonetebet@senado.leg.br
6005,Siqueira Campos,Jose Wilson Siqueira Campos,Masculino,DEM,,Senador,http://www.senado.leg.br/senadores/img/fotos-oficiais/senador6005.jpg,http://www25.senado.leg.br/web/senadores/senador/-/perfil/6005,
6386,Sirlange Manga,Sirlange Rodrigues Frate Maganhato,Feminino,,,Senadora,,,
5988,Soraya Thronicke,Soraya Vieira Thronicke,Feminino,PODEMOS,MS,Senadora,http://www.senado.leg.br/senadores/img/fotos-oficiais/senador5988.jpg,http://www25.senado.leg.br/web/senadores/senador/-/perfil/5988,sen.sorayathronicke@senado.leg.br
5959,Styvenson Valentim,Eann Styvenson Valentim Mendes,Masculino,PODEMOS,RN,Senador,http://www.senado.leg.br/senadores/img/fotos-oficiais/senador5959.jpg,http://www25.senado.leg.br/web/senadores/senador/-/perfil/5959,sen.styvensonvalentim@senado.leg.br
5893,Suely Pereira,Suely Torres e Silva,Masculino,,,Senador,,,
5995,Suely Santiago,Maria Suely Alves de Oliveira Santiago,Feminino,,,Senadora,,,
4560,Sérgio Petecão,Sérgio de Oliveira Cunha,Masculino,PSD,AC,Senador,http://www.senado.leg.br/senadores/img/fotos-oficiais/senador4560.jpg,http://www25.senado.leg.br/web/senadores/senador/-/perfil/4560,sen.sergiopetecao@senado.leg.br
3396,Tasso Jereissati,Tasso Ribeiro Jereissati,Masculino,PSDB,,Senador,http://www.senado.leg.br/senadores/img/fotos-oficiais/senador3396.jpg,http://www25.senado.leg.br/web/senadores/senador/-/perfil/3396,sen.tassojereissati@senado.leg.br
5535,Telmário Mota,Telmário Mota de Oliveira,Masculino,PROS,,Senador,http://www.senado.leg.br/senadores/img/fotos-oficiais/senador5535.jpg,http://www25.senado.leg.br/web/senadores/senador/-/perfil/5535,sen.telmariomota@senado.leg.br
6355,Tenente Emerson,Emerson Luiz Santana,Masculino,PTB,,Senador,,,
6332,Tenente Portela,Aparecido Andrade Portela,Masculino,PL,,Senador,,,
6004,Terciliano Gomes,Terciliano Gomes Araujo,Masculino,,,Senador,,,
6348,Terence Lessa,Terence Lessa Lopes de Oliveira,Masculino,PT,,Senador,,,
6338,Teresa Leitão,Maria Teresa Leitão de Melo,Feminino,PT,PE,Senadora,http://www.senado.leg.br/senadores/img/fotos-oficiais/senador6338.jpg,http://www25.senado.leg.br/web/senadores/senador/-/perfil/6338,sen.teresaleitao@senado.leg.br
5736,Tereza Cristina,Tereza Cristina Correa da Costa Dias,Feminino,PP,MS,Senadora,http://www.senado.leg.br/senadores/img/fotos-oficiais/senador5736.jpg,http://www25.senado.leg.br/web/senadores/senador/-/perfil/5736,sen.terezacristina@senado.leg.br
5629,Theodorico Bezerra Netto,Theodorico Bezerra Netto,Masculino,PCdoB,,Senador,,,
5619,Thieres Pinto,Thieres Pinto de Mesquita Filho,Masculino,PTB,,Senador,http://www.senado.leg.br/senadores/img/fotos-oficiais/senador5619.jpg,http://www25.senado.leg.br/web/senadores/senador/-/perfil/5619,sen.thierespinto@senado.leg.br
375,Valdir Ganzer,Valdir Ganzer,Masculino,PT,,Senador,,,
5899,Vanderlan Cardoso,Vanderlan Vieira Cardoso,Masculino,PSD,GO,Senador,http://www.senado.leg.br/senadores/img/fotos-oficiais/senador5899.jpg,http://www25.senado.leg.br/web/senadores/senador/-/perfil/5899,sen.vanderlancardoso@senado.leg.br
5748,Veneziano Vital do Rêgo,Veneziano Vital do Rêgo Segundo Neto,Masculino,MDB,PB,Senador,http://www.senado.leg.br/senadores/img/fotos-oficiais/senador5748.jpg,http://www25.senado.leg.br/web/senadores/senador/-/perfil/5748,sen.venezianovitaldorego@senado.leg.br
5919,Vilson Basso,Vilson Vilmar Basso,Masculino,,,Senador,,,
4786,Virginio de Carvalho,Virginio José de Carvalho Neto,Masculino,DEM,,Senador,http://www.senado.leg.br/senadores/img/fotos-oficiais/senador4786.jpg,http://www25.senado.leg.br/web/senadores/senador/-/perfil/4786,virginio.carvalho@senador.leg.br
791,Vivaldo Barbosa,Vivaldo Vieira Barbosa,Masculino,PSB,,Senador,,,
5914,Waldemar Oliveira,Waldemar de Andrada Ignácio de Oliveira,Masculino,,,Senador,,,
6361,Wander de Souza,Wander de Souza,Masculino,,,Senador,,,
5016,Wellington Dias,José Wellington Barroso de Araujo Dias,Masculino,PT,,Senador,http://www.senado.leg.br/senadores/img/fotos-oficiais/senador5016.jpg,http://www25.senado.leg.br/web/senadores/senador/-/perfil/5016,wellington.dias@senador.leg.br
1173,Wellington Fagundes,Wellington Antonio Fagundes,Masculino,PL,MT,Senador,http://www.senado.leg.br/senadores/img/fotos-oficiais/senador1173.jpg,http://www25.senado.leg.br/web/senadores/senador/-/perfil/1173,sen.wellingtonfagundes@senado.leg.br
5411,Weverton,Weverton Rocha Marques de Sousa,Masculino,PDT,MA,Senador,http://www.senado.leg.br/senadores/img/fotos-oficiais/senador5411.jpg,http://www25.senado.leg.br/web/senadores/senador/-/perfil/5411,sen.wevertonrocha@senado.leg.br
5070,Wilder Morais,Wilder Pedro de Morais,Masculino,PL,GO,Senador,http://www.senado.leg.br/senadores/img/fotos-oficiais/senador5070.jpg,http://www25.senado.leg.br/web/senadores/senador/-/perfil/5070,sen.wildermorais@senado.leg.br
5783,Zenaide Maia,Zenaide Maia Calado Pereira dos Santos,Feminino,PSD,RN,Senadora,http://www.senado.leg.br/senadores/img/fotos-oficiais/senador5783.jpg,http://www25.senado.leg.br/web/senadores/senador/-/perfil/5783,sen.zenaidemaia@senado.leg.br
3806,Zequinha Marinho,José da Cruz Marinho,Masculino,PODEMOS,PA,Senador,http://www.senado.leg.br/senadores/img/fotos-oficiais/senador3806.jpg,http://www25.senado.leg.br/web/senadores/senador/-/perfil/3806,sen.zequinhamarinho@senado.leg.br
